{"cameraMode":{"drawMode":0,"name":"Shaded","section":"Shading Mode"},"sceneLighting":false,"audioPlay":false,"sceneViewState":{"showFog":true,"showMaterialUpdate":true,"showSkybox":true,"showFlares":true,"showImageEffects":true,"showParticleSystems":true},"in2DMode":false,"pivot":{"x":0.2007293999195099,"y":0.6154757738113403,"z":-0.07045847177505493},"rotation":{"x":-0.11073926091194153,"y":0.2749912142753601,"z":0.031903304159641269,"w":0.9545149207115173},"size":2.8386282920837404,"orthographic":false}